|title|content
0|Downloads - ChromeDriver - WebDriver for Chrome|ChromeDriver 87.0.4280.20. Supports Chrome version 87. Resolved issue 2421: Delete old port-forwarding channels on android adb-server; Resolved issue ...
1|ChromeDriver - WebDriver for Chrome|ChromeDriver. WebDriver is an open source tool for automated testing of webapps across many browsers. It provides capabilities ...
2|Getting started - ChromeDriver - WebDriver for Chrome|ChromeDriver is a separate executable that Selenium WebDriver uses to control Chrome. It is maintained by the Chromium team with help from WebDriver ...
3|Selenium으로 무적 크롤러 만들기 · GitBook|2017. 2. 27. — zip파일을 받고 풀어주면 chromedriver 라는 파일이 저장된다. 위 폴더를 기준으로 할 경우 /Users/beomi/Downloads/chromedriver 가 크롬 ...
4|selenium, webdriver, chromedriver 설치 방법 : 네이버 블로그|2019. 6. 27. — browser = webdriver.Chrome(executable_path=r'C:\chromedriver_win32\chromedriver.exe'). 크롬을 마음대로 사용가능합니다. ​. ​.
5|크롬드라이버(Chrome Driver) 설치/다운로드 : 네이버 블로그|2019. 12. 28. — Downloads - ChromeDriver - WebDriver for Chrome. WebDriver for Chrome. chromedriver.chromium.org. ​. 2. 본인 크롬 버전에 맞는 드라이버 ...
6|Version Selection - ChromeDriver - WebDriver for Chrome|We maintain multiple versions of ChromeDriver. Which version to select depends on the version of Chrome you are using it with. Specifically: ChromeDriver uses ...
7|Android - ChromeDriver - WebDriver for Chrome - Google Sites|Binaries for ChromeDriver can be found packaged as zip files for various host platforms on the downloads page. Supported Apps. ChromeDriver supports running ...
8|[ChromeDriver] 크롬 드라이버 버전에 따라 설정하는 방법|2020. 6. 9. — Chrome 정보 클릭. 83. 어쩌고 버전입니다. 크롬드라이버 다운로드 사이트로 갑니다. https://chromedriver.chromium.org/downloads 여기서 버전에 ...
9|Selenium을 사용하고 싶습니다 - goorm - Guide of goorm|ChromeDriver 설치. 위에서 설치한 크롬 버전과 호환되는 크롬 드라이버의 버전으로 설치해야 에러가 발생하지 않습니다. 아래 안내에 따라 크롬 버전 확인 및 올바른 ...
